"Ano Mes.Ano Mes";CAFE/ARÁBICA TIPO 6, BEBIDA DURA/BA/Preco Medio Comercializado;CAFE/ARÁBICA TIPO 6, BEBIDA DURA/CE/Preco Medio Comercializado;CAFE/ARÁBICA TIPO 6, BEBIDA DURA/DF/Preco Medio Comercializado;CAFE/ARÁBICA TIPO 6, BEBIDA DURA/ES/Preco Medio Comercializado;CAFE/ARÁBICA TIPO 6, BEBIDA DURA/GO/Preco Medio Comercializado;CAFE/ARÁBICA TIPO 6, BEBIDA DURA/MG/Preco Medio Comercializado;CAFE/ARÁBICA TIPO 6, BEBIDA DURA/MS/Preco Medio Comercializado;CAFE/ARÁBICA TIPO 6, BEBIDA DURA/PE/Preco Medio Comercializado;CAFE/ARÁBICA TIPO 6, BEBIDA DURA/PR/Preco Medio Comercializado;CAFE/ARÁBICA TIPO 6, BEBIDA DURA/RJ/Preco Medio Comercializado;CAFE/ARÁBICA TIPO 6, BEBIDA DURA/SP/Preco Medio Comercializado
"DEZ-2015";420.0;;450.0;432.5;445.0;476.25;;;391.88;425.63;477.27
"JAN-2016";444.46;;453.75;434.0;437.55;482.96;365.0;;398.4;428.0;476.74
"FEV-2016";462.9;;490.0;462.0;475.0;480.16;355.0;400.0;397.75;440.63;480.4
"MAR-2016";446.52;;487.5;435.0;466.25;476.11;360.0;387.5;386.5;422.5;486.79
"ABR-2016";430.66;;484.0;429.0;449.0;466.38;360.0;396.0;392.1;431.0;466.5
"MAI-2016";432.52;409.8;471.25;451.25;445.5;466.29;360.0;398.75;394.38;426.25;457.83
"JUN-2016";448.46;432.33;468.0;454.0;462.4;486.44;400.0;435.0;409.66;422.9;460.18
"JUL-2016";470.3;462.5;495.0;452.5;484.0;499.18;400.0;440.0;436.48;443.63;478.37
"AGO-2016";454.44;500.0;502.0;438.6;465.0;477.03;430.0;443.0;438.75;445.0;496.21
"SET-2016";494.06;481.63;495.0;458.75;483.75;506.31;470.0;452.5;447.81;451.25;497.18
"OUT-2016";482.46;500.0;513.75;475.0;487.63;512.89;550.0;485.0;453.91;466.88;490.4
"NOV-2016";545.85;526.63;552.0;516.0;511.34;552.77;574.0;500.0;484.21;520.5;515.85
"DEZ-2016";494.55;562.5;560.0;489.38;500.42;498.73;550.0;500.0;482.37;496.88;525.97
"JAN-2017";501.35;521.69;540.0;487.5;508.67;514.56;545.0;505.0;466.35;498.13;525.82
"FEV-2017";504.69;559.94;537.5;476.25;490.96;508.18;;510.0;479.4;506.25;524.58
"MAR-2017";489.9;557.96;496.0;458.0;485.29;486.18;;546.0;463.64;482.0;513.19
"ABR-2017";473.72;563.26;482.5;438.75;477.38;463.8;;550.0;446.38;452.5;489.29
"MAI-2017";451.05;;465.0;431.3;451.46;454.47;;543.48;430.15;436.79;478.57
"JUN-2017";437.95;;465.0;428.64;444.24;445.44;;550.0;426.94;430.46;456.95
"JUL-2017";440.01;;463.81;423.75;449.19;454.49;;550.0;426.26;426.67;447.21
"AGO-2017";447.36;555.92;465.77;439.13;450.86;454.46;;553.48;434.97;432.53;465.08
"SET-2017";446.41;574.41;464.76;435.48;448.11;449.01;473.75;537.14;423.04;430.22;449.69
"OUT-2017";434.58;550.0;455.68;418.75;443.8;440.03;450.0;539.6;418.78;428.07;445.19
"NOV-2017";441.12;;458.64;421.59;444.54;452.15;450.0;544.0;423.1;433.98;456.63
"DEZ-2017";433.68;;465.95;420.0;438.03;445.69;450.0;519.1;423.22;426.79;455.27
"JAN-2018";432.49;;455.65;425.22;445.94;441.17;449.13;505.7;422.12;421.94;453.18
"FEV-2018";430.24;;454.5;411.75;437.95;431.13;452.0;535.7;416.22;415.68;446.18
"MAR-2018";424.0;;440.0;402.73;423.9;425.69;497.27;543.24;402.02;412.82;437.5
"ABR-2018";416.37;;433.75;400.0;422.28;423.13;500.0;500.0;392.32;417.25;432.46
"MAI-2018";424.92;;456.96;413.7;431.61;446.85;453.91;;398.05;424.9;448.82
"JUN-2018";435.62;;456.19;432.14;440.21;448.0;464.76;;414.93;422.9;457.54
"JUL-2018";421.42;;452.5;413.75;438.72;428.78;485.0;;406.06;401.46;445.01
"AGO-2018";390.06;470.94;435.22;378.26;420.11;409.71;475.22;;384.28;381.21;427.57
"SET-2018";379.97;425.23;415.0;372.5;393.43;407.01;475.0;;378.86;363.34;412.2
"OUT-2018";398.07;431.19;425.65;388.04;420.45;431.66;480.0;264.17;392.0;409.79;431.44
"NOV-2018";399.39;437.08;442.5;400.0;422.22;428.91;475.45;285.0;404.47;419.12;436.29
"DEZ-2018";385.78;;416.25;391.25;397.28;410.11;470.0;;389.78;371.67;419.17
"JAN-2019";378.29;;400.61;379.13;403.12;402.94;457.83;;376.3;395.68;407.75
"FEV-2019";374.32;;405.0;382.5;398.27;393.84;450.0;;374.1;392.78;404.81
"MAR-2019";369.82;;386.9;364.52;383.07;383.2;450.0;;364.23;383.93;395.14
"ABR-2019";362.38;;382.5;357.5;363.11;372.9;450.0;;347.38;352.73;379.24
"MAI-2019";357.12;;371.3;348.91;370.19;379.34;423.91;;340.95;355.55;382.12
"JUN-2019";370.73;;386.75;387.5;392.42;397.17;420.0;;358.87;373.53;394.57
"JUL-2019";384.43;;410.0;385.87;401.25;415.7;420.0;;379.87;375.05;415.28
"AGO-2019";376.37;400.0;406.59;367.05;386.59;398.94;426.82;;371.66;365.14;396.02
"SET-2019";397.89;400.0;415.0;376.25;397.85;421.13;432.5;;374.54;375.72;424.83
"OUT-2019";384.16;419.57;423.65;379.13;398.55;415.49;441.22;;370.26;399.46;419.46
"NOV-2019";436.5;450.0;439.1;375.0;442.31;460.35;440.14;;381.4;429.47;459.92
"DEZ-2019";486.25;418.86;508.64;398.86;496.3;518.06;432.61;;431.19;487.63;543.97
"JAN-2020";465.45;410.87;537.39;439.13;461.29;482.73;439.57;;411.29;471.25;492.83
"FEV-2020";436.34;400.0;484.5;425.0;442.96;474.88;450.5;;406.04;471.25;481.56
"MAR-2020";513.39;;520.45;476.36;511.17;545.88;453.64;;448.55;516.66;551.3
"ABR-2020";548.1;;566.36;505.45;516.71;572.74;475.45;;475.5;528.93;586.14
"MAI-2020";521.85;;585.0;500.0;533.22;567.85;450.0;;491.47;525.45;574.52
"JUN-2020";441.25;;550.0;425.0;465.12;478.8;450.0;;442.22;438.71;482.03
"JUL-2020";469.13;;507.61;456.52;485.54;506.45;432.61;;439.1;448.63;513.51
"AGO-2020";529.32;;505.71;483.33;547.38;566.31;448.1;;489.47;489.74;592.46
"SET-2020";511.22;378.72;562.73;455.23;552.27;543.52;463.64;;470.9;483.98;566.82
"OUT-2020";482.42;386.4;511.36;450.0;487.73;537.14;470.0;;452.56;453.25;541.51
"NOV-2020";502.32;402.5;513.75;487.5;518.13;556.71;470.0;;468.38;469.13;567.92
"DEZ-2020";535.44;388.89;534.13;501.3;567.29;598.44;469.57;;500.06;491.96;608.04
"JAN-2021";557.22;;556.67;550.95;608.38;642.78;489.52;;531.34;537.79;651.19
"FEV-2021";593.39;;600.0;573.75;621.22;681.58;540.0;;575.28;616.0;687.5
"MAR-2021";644.9;;743.04;631.74;643.78;729.7;589.13;;620.47;652.41;752.41
"ABR-2021";671.14;;732.27;667.95;672.82;732.2;604.55;;640.34;666.02;760.47
"MAI-2021";747.34;;742.86;737.5;723.6;798.67;642.86;;716.87;735.74;828.1
"JUN-2021";758.38;531.95;818.64;788.64;736.92;831.11;700.0;;749.77;779.74;846.48
"JUL-2021";841.0;611.27;815.45;833.64;835.27;909.59;745.45;;791.94;838.03;906.51
"AGO-2021";954.16;713.77;1000.23;930.0;933.59;983.41;877.27;;901.8;942.03;1049.25
"SET-2021";1024.64;761.93;1066.59;1023.68;973.55;999.85;920.45;;967.35;1038.62;1087.88
"OUT-2021";1157.87;;1130.0;1123.81;1061.68;1129.2;1021.43;;1011.39;1151.7;1233.34
"NOV-2021";1263.06;;1210.0;1230.0;1132.98;1259.82;1143.18;;1055.11;1246.65;1347.94
"DEZ-2021";1385.27;;1183.91;1364.78;1220.65;1402.11;1260.87;;1264.83;1417.58;1450.94
"JAN-2022";1412.95;;1417.62;1385.0;1419.62;1454.7;1330.95;;1307.27;1428.66;1504.73
"FEV-2022";1417.0;;1467.89;1394.74;1409.48;1423.07;1463.16;;1338.3;1451.94;1478.79
"MAR-2022";1229.0;;1364.13;1189.57;1273.45;1224.89;1460.87;;1138.26;1258.83;1313.04
"ABR-2022";1187.46;;1244.52;1219.05;1170.99;1201.96;1400.0;;1082.91;1209.68;1243.66
"MAI-2022";1189.61;;1183.18;1185.0;1187.61;1225.76;1400.0;;1103.67;1186.08;1271.8
"JUN-2022";1244.96;;1242.64;1230.45;1273.79;1294.48;1400.0;;1195.72;1235.76;1324.2
"JUL-2022";1242.89;1236.43;1361.17;1249.05;1293.06;1256.61;1411.9;;1215.17;1214.16;1332.26
"AGO-2022";1241.39;1270.0;1292.17;1191.74;1283.74;1241.24;1481.3;;1199.8;1205.54;1287.7
"SET-2022";1238.42;1426.82;1285.45;1221.14;1258.19;1260.5;1478.64;;1203.72;1216.54;1316.19
"OUT-2022";1131.29;1350.0;1227.5;1085.0;1150.0;1063.73;1350.0;;1079.1;1109.92;1175.0
"NOV-2022";919.91;;1017.11;884.09;952.05;906.11;1368.18;;869.84;911.47;977.27
"DEZ-2022";971.29;;927.27;947.73;1026.36;974.78;1240.91;;872.49;971.02;1024.77
"JAN-2023";969.12;;1042.5;955.0;1030.0;933.86;1200.0;;859.9;968.41;1027.8
"FEV-2023";1092.25;;1119.33;1021.0;1160.0;1067.37;1200.0;;971.74;1053.72;1134.21
"MAR-2023";1031.85;;1117.96;1007.83;1104.7;1040.45;1200.0;;1007.79;1055.19;1129.38
"ABR-2023";1036.98;;1087.0;1027.5;1079.36;1051.51;1200.0;;1009.7;1040.7;1106.25
"MAI-2023";987.81;;1047.08;976.96;1024.78;979.03;1143.48;;957.07;1016.58;1064.98
"JUN-2023";871.66;;947.95;869.55;958.18;893.82;1077.27;;879.29;891.81;978.85
"JUL-2023";748.82;800.0;834.17;770.0;822.5;778.77;1100.0;;730.92;782.75;828.62
"AGO-2023";775.32;800.0;824.04;816.52;819.13;780.18;1000.0;;753.25;795.9;834.3
"SET-2023";766.18;801.19;811.56;774.29;867.14;798.81;;;746.2;781.44;818.78
"OUT-2023";761.46;785.0;868.67;772.5;832.5;813.48;;;752.59;790.38;810.46
"NOV-2023";818.55;852.37;888.57;828.18;896.36;848.34;;;786.84;842.5;874.52
"DEZ-2023";908.93;910.57;955.37;901.9;965.71;960.37;;;794.97;932.68;965.92
"JAN-2024";954.63;949.35;1011.78;952.61;936.52;962.94;;;834.82;972.97;996.66
"FEV-2024";958.05;967.62;1002.78;961.9;939.52;984.66;;;873.78;974.6;1017.75
"MAR-2024";969.78;977.14;1011.12;978.33;965.71;984.83;;;871.86;971.79;984.76
"ABR-2024";1132.22;982.5;1206.74;;1190.0;1159.26;;;983.8;1119.08;1111.45
"MAI-2024";1121.83;1026.96;1167.6;1105.0;1162.61;1151.08;;;1043.28;1128.42;1162.35
"JUN-2024";1259.76;1239.5;1352.82;1225.0;1320.0;1315.34;;;1156.43;1275.19;1320.62
"JUL-2024";1341.47;1324.78;1418.37;1356.52;1460.0;1406.1;;;1270.21;1340.79;1442.17
"AGO-2024";1383.36;1420.68;1428.78;1344.7;1457.73;1437.75;;;1307.01;1365.47;1438.61
"SET-2024";1379.04;1443.25;1473.72;1350.0;1457.5;1495.66;;;1319.49;1414.7;1507.05
"OUT-2024";1449.57;1487.17;1489.41;1434.21;1463.04;1510.98;;;1322.43;1436.33;1516.46
"NOV-2024";1699.23;1464.29;1749.24;1632.86;1766.67;1800.57;;;1471.97;1658.05;1716.88
"DEZ-2024";2077.89;1900.0;2045.0;1943.75;2150.0;2159.45;;;1785.61;2056.17;2170.04
"JAN-2025";2239.38;2154.35;2299.93;2304.35;2428.26;2307.8;;;2026.69;2205.43;2300.91
"FEV-2025";2535.85;2530.0;2111.62;2273.5;2650.0;2597.65;;;2386.63;2515.1;2690.52
"MAR-2025";2472.83;2516.25;2578.26;2341.0;2602.5;2534.9;;;2376.92;2445.39;2563.33
"ABR-2025";2461.6;2392.27;2519.23;2425.45;2575.0;2548.8;;;2285.38;2413.75;2567.48
"MAI-2025";2444.65;2590.91;2522.46;2433.64;2595.2;2504.02;;;2282.76;2437.54;2565.54
"JUN-2025";2098.04;2367.0;2223.9;2055.5;2112.5;2130.1;;;2087.56;2031.38;2192.31
"JUL-2025";1682.82;1962.48;1807.71;1671.3;1802.17;1787.37;;;1586.39;1610.3;1808.28
"AGO-2025";1907.03;1928.81;1915.51;1935.71;1990.48;2054.79;;;1690.77;1878.03;2002.91
"SET-2025";2183.49;2202.73;2384.87;2131.91;2336.36;2250.29;;;2069.1;2077.96;2259.47
"OUT-2025";2151.88;2152.83;2238.01;2138.17;2356.52;2268.5;;;1989.09;2123.44;2196.25
"NOV-2025";2146.2;2246.25;2232.44;2137.5;2320.0;2261.93;;;1962.53;2139.37;2278.21
"DEZ-2025";2104.37;2400.0;2262.16;2145.65;2236.96;2258.24;;;1903.2;2098.53;2238.17
"JAN-2026";2094.93;2333.33;2226.88;2133.75;2192.5;2209.38;;;1937.31;2086.31;2228.53
"FEV-2026";1760.66;2088.33;1926.0;1797.78;1950.0;1872.68;;;1774.42;1806.88;1894.45
