"Ano Mes.Ano Mes";CANA DE ACUCAR/NÃO INFORMADO/AL/Preco Medio Comercializado;CANA DE ACUCAR/NÃO INFORMADO/BA/Preco Medio Comercializado;CANA DE ACUCAR/NÃO INFORMADO/CE/Preco Medio Comercializado;CANA DE ACUCAR/NÃO INFORMADO/ES/Preco Medio Comercializado;CANA DE ACUCAR/NÃO INFORMADO/MA/Preco Medio Comercializado;CANA DE ACUCAR/NÃO INFORMADO/MG/Preco Medio Comercializado;CANA DE ACUCAR/NÃO INFORMADO/PB/Preco Medio Comercializado;CANA DE ACUCAR/NÃO INFORMADO/PE/Preco Medio Comercializado;CANA DE ACUCAR/NÃO INFORMADO/PI/Preco Medio Comercializado;CANA DE ACUCAR/NÃO INFORMADO/RJ/Preco Medio Comercializado;CANA DE ACUCAR/NÃO INFORMADO/RN/Preco Medio Comercializado;CANA DE ACUCAR/NÃO INFORMADO/SE/Preco Medio Comercializado;CANA DE ACUCAR/NÃO INFORMADO/SP/Preco Medio Comercializado
"JAN-2014";59.33;;57.36;40.21;55.0;;62.54;62.54;85.0;52.92;62.18;65.0;
"FEV-2014";58.77;;58.1;43.41;55.0;;62.63;62.63;85.0;53.16;63.12;62.81;
"MAR-2014";58.77;;59.7;45.78;55.0;;65.22;64.22;85.0;53.36;64.22;63.5;
"ABR-2014";58.93;66.39;60.0;53.44;55.0;;68.2;68.2;85.0;53.15;67.21;68.01;
"MAI-2014";59.86;72.0;60.6;47.92;55.0;;69.03;68.86;85.0;53.39;68.86;68.22;
"JUN-2014";59.07;68.12;62.2;47.92;55.0;;67.21;67.21;85.0;51.29;67.22;;
"JUL-2014";58.29;67.95;64.0;47.92;55.0;;66.42;66.42;85.0;52.17;66.8;;
"AGO-2014";58.91;;66.4;45.32;55.0;;66.52;66.51;85.0;52.97;65.41;60.0;
"SET-2014";58.93;57.0;68.0;46.77;55.0;;64.7;64.7;85.0;52.31;63.78;59.75;
"OUT-2014";58.7;70.0;68.92;50.04;55.0;;62.3;62.78;85.0;52.12;62.87;;
"NOV-2014";63.98;70.0;73.85;51.69;55.0;;62.75;62.75;85.0;51.52;61.73;70.64;
"DEZ-2014";62.48;;77.6;50.09;55.0;;61.68;61.68;85.0;52.17;61.7;69.91;
"JAN-2015";60.01;;77.6;52.3;55.0;;61.84;61.84;85.0;52.98;61.76;71.1;
"FEV-2015";57.6;;77.7;35.83;57.77;;63.05;63.05;85.0;54.59;63.54;72.63;
"MAR-2015";59.91;;78.0;38.76;58.54;;64.26;64.26;85.0;56.29;64.56;71.0;
"ABR-2015";62.82;53.19;78.0;38.3;61.97;;64.7;64.7;87.25;58.07;64.35;60.31;
"MAI-2015";62.44;66.67;79.8;38.69;66.69;;66.52;66.52;88.0;58.22;66.03;57.79;
"JUN-2015";61.11;80.0;80.75;36.64;55.0;;67.86;67.86;88.0;57.21;67.86;;
"JUL-2015";64.83;73.8;80.0;50.61;56.53;58.79;69.22;66.02;88.0;56.25;68.87;;
"AGO-2015";66.44;63.33;80.0;50.45;60.0;58.31;70.34;74.34;88.0;54.08;70.38;;
"SET-2015";66.87;65.0;99.5;50.59;61.5;58.13;70.29;70.29;88.0;52.77;70.28;;
"OUT-2015";68.17;67.52;119.0;52.49;76.08;58.12;70.71;70.63;88.0;52.99;70.71;75.0;
"NOV-2015";72.24;71.38;64.7;53.69;86.14;59.89;82.5;82.82;88.0;56.38;78.53;72.5;55.21
"DEZ-2015";74.82;;64.7;54.17;83.8;71.96;90.6;90.6;88.0;62.46;88.66;82.63;60.78
"JAN-2016";73.77;;64.18;55.46;84.0;73.97;91.15;91.04;88.0;65.52;90.6;91.6;62.91
"FEV-2016";73.5;72.5;63.4;57.18;80.0;;101.29;101.29;88.0;69.01;101.09;103.0;63.71
"MAR-2016";86.45;;63.4;64.36;75.0;;104.71;;88.0;73.35;104.71;96.0;65.92
"ABR-2016";85.41;;63.4;71.35;;71.34;104.73;99.85;88.0;75.18;104.73;;66.73
"MAI-2016";83.87;69.2;63.4;70.75;;71.34;99.85;97.92;88.0;75.72;98.86;;67.59
"JUN-2016";77.98;67.41;63.72;71.48;;71.34;98.31;102.54;88.0;71.21;97.92;;70.18
"JUL-2016";76.2;73.12;64.75;71.59;;75.02;102.49;103.75;88.0;77.67;99.63;;70.81
"AGO-2016";;76.8;75.14;68.73;;115.03;103.71;103.08;145.6;83.96;102.22;;72.15
"SET-2016";78.74;83.0;127.5;64.0;;115.53;103.53;97.84;160.0;87.81;103.31;;73.76
"OUT-2016";77.08;79.75;130.67;65.85;;114.53;97.84;103.75;160.0;88.62;101.85;;74.31
"NOV-2016";83.73;78.0;132.33;66.11;;130.0;103.75;104.29;160.0;90.46;103.79;104.25;76.55
"DEZ-2016";90.16;;132.0;65.99;;130.0;104.16;104.29;160.0;93.72;103.16;110.75;78.96
"JAN-2017";90.7;;133.67;74.23;;130.0;100.08;100.11;160.0;93.74;100.96;104.02;80.5
"FEV-2017";84.02;;218.33;70.15;;113.91;100.82;100.82;160.0;94.47;100.94;103.96;81.65
"MAR-2017";84.57;;220.0;71.7;;112.04;100.02;99.82;160.0;95.57;99.82;;83.07
"ABR-2017";89.33;;200.0;68.83;;112.04;95.56;95.56;160.0;;95.56;;84.38
"MAI-2017";87.38;69.0;175.0;64.56;;108.2;91.7;88.89;160.0;;90.74;;83.79
"JUN-2017";87.34;70.92;175.0;63.46;73.13;108.2;89.16;86.05;160.0;;88.08;;82.35
"JUL-2017";86.91;70.81;163.28;63.17;76.84;117.68;85.98;84.41;160.0;75.95;86.23;;76.99
"AGO-2017";82.49;67.0;178.48;64.47;79.52;104.52;84.41;82.44;160.0;69.78;84.41;;74.76
"SET-2017";87.94;67.95;195.0;64.9;85.66;95.13;84.31;83.48;160.0;71.34;84.04;;72.31
"OUT-2017";83.28;71.86;133.75;66.07;86.0;95.13;83.48;77.15;160.0;73.59;80.52;71.59;71.0
"NOV-2017";69.43;70.41;133.98;67.61;79.71;91.2;78.01;76.39;160.0;73.82;76.52;77.13;69.58
"DEZ-2017";70.23;73.81;136.19;68.77;79.71;91.32;76.43;80.17;160.0;;76.39;87.17;69.61
"JAN-2018";71.02;80.17;145.32;69.8;79.71;69.5;80.4;82.05;98.54;;80.42;83.78;69.75
"FEV-2018";70.82;;;70.77;;72.35;82.1;82.36;94.79;;82.05;86.27;70.93
"MAR-2018";71.89;;205.0;71.23;;72.76;82.36;82.59;92.86;;82.05;81.26;71.09
"ABR-2018";70.9;;210.48;65.03;;72.63;82.59;80.88;92.05;;82.59;;71.64
"MAI-2018";;74.0;220.0;67.81;;90.83;81.18;80.09;139.02;;82.54;;70.27
"JUN-2018";;71.67;220.0;67.89;;74.17;80.13;87.27;83.27;;81.91;;69.13
"JUL-2018";;72.31;220.0;64.42;79.0;71.5;87.27;88.01;83.74;;87.26;;69.44
"AGO-2018";77.5;75.18;168.91;67.17;78.0;91.31;87.9;82.45;79.99;56.89;87.26;;70.54
"SET-2018";77.5;70.77;113.33;70.55;78.0;91.31;82.45;83.71;85.37;53.8;82.44;99.7;68.65
"OUT-2018";72.95;81.18;112.3;71.64;80.0;91.89;83.71;84.35;90.27;61.6;83.49;101.7;68.56
"NOV-2018";71.68;84.59;104.09;69.46;87.0;72.76;83.7;82.53;87.61;61.6;84.09;99.05;68.91
"DEZ-2018";71.52;84.0;108.98;69.16;90.0;72.59;82.51;83.69;87.12;73.44;82.28;95.39;69.47
"JAN-2019";71.85;;116.4;68.35;;72.88;83.49;89.35;92.55;74.6;83.13;99.29;70.0
"FEV-2019";70.64;;119.31;69.32;;73.94;83.69;91.37;91.2;79.14;88.35;96.21;70.15
"MAR-2019";75.25;;110.48;72.28;;105.2;91.0;94.0;94.22;73.1;92.08;;70.3
"ABR-2019";81.49;79.0;100.0;73.71;;105.45;94.1;95.15;92.23;77.73;94.92;;70.76
"MAI-2019";83.33;80.0;100.28;69.74;;83.63;95.15;95.19;92.71;70.78;94.64;;73.79
"JUN-2019";81.1;75.0;108.75;70.34;;108.91;95.15;95.53;95.53;69.76;94.55;;77.67
"JUL-2019";81.1;79.0;96.43;69.53;;78.07;95.53;94.69;90.82;68.63;94.72;;76.16
"AGO-2019";81.1;80.53;100.0;72.35;78.38;106.76;94.77;93.6;88.87;71.23;94.4;;75.18
"SET-2019";81.19;80.0;98.81;70.54;78.38;73.84;93.55;92.68;89.45;72.0;93.55;90.14;74.85
"OUT-2019";81.19;88.0;100.0;73.12;87.1;98.79;92.81;88.85;87.82;70.2;90.02;85.82;74.86
"NOV-2019";81.19;;104.76;73.97;88.61;81.7;89.03;87.16;90.69;70.0;86.86;91.93;74.95
"DEZ-2019";76.36;;100.0;74.2;88.61;94.54;86.49;90.19;94.46;74.5;88.48;99.8;75.61
"JAN-2020";79.13;;102.04;77.61;84.21;78.05;90.19;101.63;101.32;82.34;98.47;;76.61
"FEV-2020";82.29;;102.83;79.12;84.21;78.39;101.63;104.46;102.5;87.35;104.02;103.45;77.4
"MAR-2020";85.04;;101.74;71.77;;76.36;104.0;106.23;103.71;88.59;106.01;;78.57
"ABR-2020";93.7;;110.0;62.49;;74.8;103.59;97.19;101.16;;104.15;;79.58
"MAI-2020";93.54;;100.0;63.74;;97.16;99.53;95.56;88.15;60.78;96.62;;82.72
"JUN-2020";100.96;;100.0;68.31;;98.37;95.56;101.0;90.91;58.7;98.03;;85.14
"JUL-2020";94.73;79.0;100.0;68.17;72.05;89.31;100.85;103.57;93.75;75.95;103.31;;84.22
"AGO-2020";100.52;72.0;110.0;71.19;75.0;90.57;103.83;108.97;96.96;77.4;108.09;;82.88
"SET-2020";100.63;75.0;110.0;72.25;75.0;94.58;109.0;109.47;103.26;77.38;109.56;119.64;82.61
"OUT-2020";105.73;90.0;110.0;76.36;;95.19;109.21;110.51;109.14;77.75;109.26;121.24;84.17
"NOV-2020";105.46;92.0;117.62;78.08;84.21;99.44;109.86;121.04;117.59;89.85;117.83;128.83;93.75
"DEZ-2020";110.47;93.0;120.0;77.96;80.37;104.08;119.09;119.88;124.78;95.0;120.29;137.73;98.94
"JAN-2021";113.02;;120.0;78.61;88.91;105.19;120.0;124.67;123.47;117.93;122.57;141.44;98.58
"FEV-2021";117.18;;120.0;83.97;;111.71;124.34;129.14;125.24;118.3;129.98;143.91;103.43
"MAR-2021";119.69;;120.0;92.15;;114.61;133.78;143.39;136.35;142.18;144.86;;107.24
"ABR-2021";129.91;108.96;120.0;90.14;;117.33;142.67;143.98;130.1;123.77;143.12;;122.32
"MAI-2021";128.62;124.0;120.0;97.93;;117.33;143.99;148.12;137.88;100.5;149.46;;122.07
"JUN-2021";138.03;136.0;157.23;96.84;88.91;117.53;145.86;161.28;159.59;110.31;159.03;;126.91
"JUL-2021";135.71;145.0;157.25;97.57;;134.65;160.33;163.07;153.85;108.72;162.67;;127.34
"AGO-2021";136.04;154.0;156.32;101.29;88.81;150.34;163.03;164.93;160.95;111.08;165.06;;131.28
"SET-2021";133.49;168.12;158.82;104.28;153.59;152.78;163.54;167.56;168.88;130.22;167.31;134.56;137.26
"OUT-2021";145.53;;159.69;108.24;152.78;156.51;163.54;166.83;173.69;125.63;167.09;161.32;144.89
"NOV-2021";153.66;;169.3;113.6;152.78;162.27;168.43;172.99;187.22;164.95;173.24;174.45;155.44
"DEZ-2021";157.35;;172.24;106.18;152.78;164.25;168.43;176.88;192.85;148.36;177.1;178.12;163.67
"JAN-2022";156.78;;176.38;104.44;152.78;167.57;176.01;173.89;189.17;152.25;171.39;175.52;159.35
"FEV-2022";143.11;;177.7;95.71;152.78;170.2;171.06;170.12;183.75;150.35;170.05;114.0;157.37
"MAR-2022";134.91;;182.33;95.82;152.78;172.27;167.39;171.73;184.11;141.15;170.29;;147.3
"ABR-2022";144.22;;184.61;113.99;152.78;171.89;167.3;176.95;187.61;151.0;176.99;;141.58
"MAI-2022";157.52;;186.18;104.72;152.78;171.89;176.33;182.88;186.94;169.75;182.7;;149.61
"JUN-2022";146.15;170.0;187.32;99.85;162.0;169.94;181.98;183.71;187.22;140.6;182.91;;147.11
"JUL-2022";148.58;170.0;186.61;97.12;;167.81;181.95;184.85;177.19;118.25;183.02;;142.62
"AGO-2022";146.64;181.0;188.38;93.31;160.42;167.19;183.77;183.44;168.39;141.73;186.89;;144.61
"SET-2022";131.11;182.0;193.5;77.57;158.76;163.02;168.3;165.67;163.1;141.05;187.35;135.81;137.51
"OUT-2022";141.65;185.0;194.26;;158.76;162.69;158.32;155.38;155.26;138.03;168.58;151.17;141.05
"NOV-2022";141.71;;194.26;;156.67;161.4;154.64;157.3;161.54;146.05;160.37;150.7;133.1
"DEZ-2022";141.71;;194.86;;156.67;163.16;161.49;165.89;164.73;143.85;162.18;151.05;139.87
"JAN-2023";148.36;;194.54;;;163.33;165.81;166.34;165.59;147.5;166.1;151.43;140.4
"FEV-2023";154.39;;197.12;;;163.22;165.71;166.25;162.2;144.8;166.2;154.38;139.13
"MAR-2023";149.03;;197.12;;;164.29;166.29;168.52;163.47;147.89;168.28;151.43;140.16
"ABR-2023";155.24;;197.59;;;165.98;170.24;175.18;163.77;161.67;174.34;;140.65
"MAI-2023";161.16;137.0;202.44;118.96;;164.15;179.83;186.8;175.74;155.28;183.53;;144.62
"JUN-2023";159.53;126.0;203.51;118.96;;175.27;185.58;186.01;178.39;128.09;185.57;;144.67
"JUL-2023";167.74;129.0;188.55;110.65;139.58;170.96;184.01;177.93;158.39;123.37;179.21;;145.4
"AGO-2023";159.46;130.0;188.08;101.37;133.53;168.02;175.26;174.2;160.76;115.0;172.61;;146.22
"SET-2023";155.03;120.0;189.3;111.01;131.07;167.64;170.58;174.88;156.79;105.0;175.01;155.0;146.95
"OUT-2023";157.66;120.0;192.27;150.17;132.88;168.9;176.78;177.95;165.99;119.24;178.33;165.0;145.46
"NOV-2023";155.9;134.0;191.42;150.17;133.38;172.34;176.68;176.0;170.04;118.35;176.14;177.25;145.54
"DEZ-2023";157.0;;195.36;150.17;;171.0;176.62;166.6;167.29;116.07;164.74;172.0;147.17
"JAN-2024";153.33;;196.64;;;172.2;158.75;156.58;157.51;124.14;159.36;166.0;148.75
"FEV-2024";153.37;;204.34;;;172.09;158.9;163.8;153.55;128.41;156.59;165.0;148.17
"MAR-2024";172.34;;209.6;;;171.15;164.99;170.67;158.17;141.05;169.72;160.0;148.18
"ABR-2024";157.21;;207.49;180.0;;170.9;172.72;176.04;164.06;147.97;167.45;;147.7
"MAI-2024";167.95;;205.62;175.22;;171.11;174.78;173.04;159.11;124.33;172.52;;147.02
"JUN-2024";;99.73;204.63;161.89;133.38;167.69;169.68;170.2;156.07;133.67;170.2;;145.98
"JUL-2024";180.2;117.0;204.95;140.0;143.54;165.42;171.61;174.65;171.61;128.85;174.69;;143.16
"AGO-2024";180.2;128.0;210.82;140.48;143.3;166.25;174.45;173.23;172.26;133.66;173.23;;142.6
"SET-2024";177.48;136.0;215.16;144.48;149.84;167.61;169.84;170.06;172.42;135.11;169.97;186.32;145.49
"OUT-2024";172.47;148.5;218.13;148.27;155.35;165.16;169.35;173.07;171.12;132.1;172.98;186.16;145.88
"NOV-2024";159.25;135.0;218.88;150.83;158.36;169.79;172.73;172.9;173.66;125.41;172.97;202.95;148.41
"DEZ-2024";167.41;;305.0;;158.39;149.87;172.69;173.65;173.66;;173.62;206.01;145.33
"JAN-2025";164.73;;253.37;;;176.8;173.27;173.26;173.77;;172.8;198.87;143.31
"FEV-2025";164.27;;258.34;;;176.8;172.92;175.48;168.4;;175.48;176.44;143.34
"MAR-2025";167.28;;260.15;148.0;;167.08;176.52;175.64;167.48;;175.97;;144.93
"ABR-2025";169.62;;261.8;148.0;;171.74;176.52;174.82;165.82;140.82;174.77;;145.02
"MAI-2025";169.62;125.7;266.47;143.59;;174.37;173.67;170.93;163.75;;171.25;;147.45
"JUN-2025";163.09;137.0;265.71;143.85;158.3;165.79;170.11;167.63;160.79;138.79;167.89;;154.97
"JUL-2025";163.09;136.0;261.7;144.48;143.84;163.24;170.2;161.99;157.17;;162.15;;153.76
"AGO-2025";160.28;144.65;257.94;163.32;148.67;155.32;161.73;160.56;154.44;111.74;160.68;;153.35
"SET-2025";156.14;160.0;257.94;132.95;149.66;158.22;159.05;153.41;157.02;122.98;156.04;145.61;154.77
"OUT-2025";153.82;160.0;260.46;142.98;153.54;155.96;149.16;143.31;154.59;136.71;144.81;131.05;154.96
"NOV-2025";137.98;165.0;257.23;151.08;153.88;154.18;141.83;135.12;152.36;136.23;142.44;134.05;154.31
"DEZ-2025";134.06;170.0;259.05;151.08;153.88;;129.72;132.79;;;133.17;139.48;151.78
"JAN-2026";139.49;;257.59;;;;134.87;143.45;150.76;;147.05;130.01;153.27
"FEV-2026";135.53;;259.14;;;;144.49;146.61;145.78;;147.67;134.32;154.62
